id,answer
TEST_0000, 제주경제통상진흥원은 제주지역 중소기
TEST_0001, 제주경제통상진흥원은 중국 상해대표처
TEST_0002," 2015년 8월 설립되었으며, 20"
TEST_0003, 동경통상대표부는 일본 도쿄 신주쿠에
TEST_0004, 31억7200만원입니다. ​ 
TEST_0005, 서울 성북구 서경대 풋살경기장 Qu
TEST_0006, 코로나19 감염을 예방하기 위해서다
TEST_0007, 1710명​
TEST_0008, 약 25명​
TEST_0009, 비대면 면접을 채택한 대학도 있지만
TEST_0010, 중소기업의 경영혁신과 원활한 회생과
TEST_0011," 탄소중립 경영혁신, 융복합, 산업안"
TEST_0012, 최근 3개년 평균 매출액 120억원
TEST_0013, 500만원​
TEST_0014, 중소기업 혁신바우처 플랫폼에서 할 
TEST_0015, 동남아시아 최대 온라인 플랫폼인 S
TEST_0016, 동남아시아​ 
TEST_0017, 전략 컨설팅 비용 
TEST_0018, 북미시장(아마존) 및 중국시장(알리
TEST_0019, 1720억 달러로 전망된다.​​​​
TEST_0020, 14일부터 10월 11일까지 외식 
TEST_0021, 330억원 예산이 다 쓰일 때까지 
TEST_0022, 코로나 피로감이 높은 상태에서 듣고
TEST_0023," 외식, 공연, 이벤트, 상점가 등 "
TEST_0024, 10월 12일부터 11월 11일까지
TEST_0025, 50억원 이하의 중소기업(70.7%
TEST_0026, 61.3% 
TEST_0027, 95.5%​
TEST_0028," 자금지원, 온라인 수출마케팅, 수출"
TEST_0029, 지난해 촉발된 세계경제 위기로 절반
TEST_0030, 영암군에서 5월 가정의 달을 맞아 
TEST_0031, 3천원 
TEST_0032, 무화과 쌀빵 1박스​
TEST_0033," 750,00,00원​​​​​​​​​"
TEST_0034, '남도장터' 
TEST_0035, 2단​​​​​​​​​​​​​​​​​
TEST_0036, 스티브 잡스​​​​​​​​​​​​​
TEST_0037, 스탠퍼드 대학교​​​​​​​​​​​
TEST_0038, 호암 이병철​​​​​​​​​​​​​
TEST_0039, 아이폰​
TEST_0040, 9일 오전 2시​​​​​​​​​​​
TEST_0041, 8일 오후 9시​​​​​​​​​​​
TEST_0042, 섬진강은 4대강 사업과 직접 관련이
TEST_0043, 17.51m​​​​​​​​​​​​​
TEST_0044, 보 상류와 하류의 수위 차이가 없다
TEST_0045, 대구광역시​​​​​​​​​​​​​​
TEST_0046, 10cm 정도 자랐다.​​​​​​​
TEST_0047, 서울​​​​​​​​​​​​​​​​​
TEST_0048, 전모씨는 본가로 이동하기 위해 기차
TEST_0049, 서울 집에서 혼자 보내기로 결정했어
TEST_0050, 대한변호사협회 
TEST_0051, 전현정 전 부장판사​​​​​​​​​
TEST_0052, 김진욱(사법연수원 21기·대구) 헌
TEST_0053," 전종민(24기·서울), 권동주(26"
TEST_0054, 손기호 전 사무총장이야. 2014년
TEST_0055, 재생산지수(R)는 1명이 몇 명을 
TEST_0056, 1. 검진되지 않은 확진자 2. n
TEST_0057, 정은경 질병관리본부 중앙방역대책본부
TEST_0058, 841명. ​
TEST_0059, 2단계​
TEST_0060, ○○은행의 ○○적금이다.​
TEST_0061, 20만원​​​​​​​​​​​​​​​
TEST_0062, 2만원​​​​​​​​​​​​​​​​
TEST_0063, 연 0.3% 수준​​​​​​​​​​
TEST_0064, 500만원​​​​​​​​​​​​​​
TEST_0065, 감사원 사무총장 
TEST_0066, 문 대통령은 노무현 정부 초대와 3
TEST_0067," 민정수석은 검찰과 경찰, 국정원, "
TEST_0068, 1. 검찰개혁에 대한 이해도가 낮다
TEST_0069, 1. 2017년 5월~2018년 8
TEST_0070, 산업은행은 아시아나항공을 한진그룹에
TEST_0071, 50%를 넘으면 경쟁을 제한할 가능
TEST_0072, 30.77%​​​​​​​​​​​​​
TEST_0073, 259대​​​​​​​​​​​​​​​
TEST_0074, 15조원이 넘는 대형 항공사가 탄생
TEST_0075, 올해 들어 3월까지 토지 거래량은 
TEST_0076, 20.7% 증가했다. ​​​​​​​
TEST_0077," 1624필지, 116만600m2로 "
TEST_0078, 0.00%​​​​​​​​​​​​​​
TEST_0079, 제주지역 토지거래량이 증가하고 아파
TEST_0080, 2021년 7월 ​​​​​​​​​​
TEST_0081, 70억 
TEST_0082, 4631m2 
TEST_0083, 다목적 강당과 공유주방(모두의 부엌
TEST_0084, 1층 
TEST_0085, 2020년 8월 12일​​​​​​​
TEST_0086, 광주 217번 확진자로 분류되었다.
TEST_0087, 광주시는 지난 16일 연휴를 맞은 
TEST_0088, 25일까지 내렸음.​​​​​​​​​
TEST_0089, 광주시는 휴대전화 위성위치확인시스템
TEST_0090, 삼성전자가 세척부터 건조·살균까지 
TEST_0091, 360도 제트샷과 열풍건조 기능이다
TEST_0092," 빌트인 전용 제품으로, 도어 패널은"
TEST_0093, 144~184만원 
TEST_0094, 11일부터 10월 8일까지​​​​​
TEST_0095, 1. 4.15 총선 선거사범의 공소
TEST_0096, 4개​​​​​​​​​​​​​​​​​
TEST_0097, 1년​​​​​​​​​​​​​​​​​
TEST_0098, 배용원​​​​​​​​​​​​​​​​
TEST_0099, 4.15 총선 선거사범의 공소시효가
TEST_0100, 올해 경기도 아파트값 상승률은 8.
TEST_0101, 구리시다. 18.55%나 올랐다. 
TEST_0102, 18.55%​​​​​​​​​​​​​
TEST_0103, 6129만원​​​​​​​​​​​​​
TEST_0104, 5억4981만원​​​​​​​​​​​
TEST_0105, 교사​
TEST_0106, 12년 만이다.​​​​​​​​​​​
TEST_0107, 60~80대 
TEST_0108, 64.7%​
TEST_0109, 약 19만 800명​
TEST_0110, A씨는 쿠팡플렉스(일반인이 자기 차
TEST_0111, 삼성화재 부설 삼성교통안전문화연구소
TEST_0112, 올해 쿠팡플렉스 신규 가입자 수만 
TEST_0113, 550대​
TEST_0114, 40% 수준입니다.​​​​​​​​​
TEST_0115, 뱅앤올룹슨​​​​​​​​​​​​​​
TEST_0116, 이마트의 TV와 안마의자 매출이 2
TEST_0117, 전자랜드의 컴퓨터 매출이 56% 증
TEST_0118, 141% 증가​​​​​​​​​​​​
TEST_0119, 한샘과 현대리바트의 올해 매출은 3
TEST_0120, 8월 7일(금)부터 8월 13일(목
TEST_0121, 8월 21일​​​​​​​​​​​​​
TEST_0122, 119만900원​​​​​​​​​​​
TEST_0123, 145만200원입니다.​​​​​​​
TEST_0124, 오는 14일부터 제품을 수령하고 개
TEST_0125, 수면패턴을 갑자기 바꾸는 것은 역효
TEST_0126, 6시간 
TEST_0127, 탄수화물과 신선한 야채를 충분히 포
TEST_0128, 신경안정제를 꼭 복용하고 싶다면 반
TEST_0129, 18~22도 
TEST_0130, 세노바메이트는 미국 FDA의 승인을
TEST_0131, 2021년 4월 1일 
TEST_0132, SK라이프사이언스다. SK라이프사이
TEST_0133, 유럽의약품청(EMA)의 허가를 받아
TEST_0134, 7건이다. 
TEST_0135, 약 345억 달러(약 39조 150
TEST_0136, 중국 금융당국이다.​​​​​​​​​
TEST_0137, 중국증권감독위원회ᆞ국가외환관리위원회
TEST_0138, 앤트그룹의 상장을 유예했다.​​​​
TEST_0139, 중국 당국의 손에 들어갔다.​​​​
TEST_0140, 더불어민주당 
TEST_0141, 김회재​​​​​​​​​​​​​​​​
TEST_0142, 공직자 및 공직자 가족이 부동산 거
TEST_0143, 부동산 투기 정보를 사전에 취득할 
TEST_0144, 공직자 및 공직자 가족이 부동산 거
TEST_0145, 1. 2017년 5월 문재인 대통령
TEST_0146, ​1. 2017년 5월 24일 문재
TEST_0147, 청원경찰로 전환해야 한다. 
TEST_0148, 2017년 12월 20일 노사 합의
TEST_0149, 건강상의 사유로 출석을 거부했다. 
TEST_0150, 1272건​​​​​​​​​​​​​​
TEST_0151, 91.8%​​​​​​​​​​​​​​
TEST_0152, 내년 4월 21일부터 만 34세 이
TEST_0153, 8.4%​​​​​​​​​​​​​​​
TEST_0154, 양육비 미지급 시 운전면허 정지한다
TEST_0155, 바이든 당선 시 미·중 갈등이 더 
TEST_0156, 바이든 후보가 당선될 경우 ‘바이든
TEST_0157, 바이든 후보는 상원의원 30년 중 
TEST_0158, 바이든 후보는 상원의원 30년 중 
TEST_0159, 바이든 후보는 상원의원 30년 중 
TEST_0160, 2020년 10월 5일​​​​​​​
TEST_0161, 345억 달러. ​​​​​​​​​​
TEST_0162, 알리페이​​​​​​​​​​​​​​​
TEST_0163, 소액대출이다. 앤트그룹은 알리페이(
TEST_0164, 2018년 10월 10일​​​​​​
TEST_0165, 9.46% 상승했다.​
TEST_0166, 개별공시지가를 산정하는 프로세스는 
TEST_0167, 함평군청 홈페이지에서 열람하거나 군
TEST_0168, 6월30일​
TEST_0169, 7월30일​
TEST_0170, 40원​​​​​​​​​​​​​​​​
TEST_0171, 통신사 본인인증은 크게 두 가지 방
TEST_0172, 패스인증 선호​​​​​​​​​​​​
TEST_0173, 패스인증 수수료는 문자인증 수수료에
TEST_0174, 통신3사가 패스인증 사용을 강제하는
TEST_0175, 라임자산운용 사건과 윤석열 총장의 
TEST_0176, 윤석열 총장을 겨냥한 것으로 해석된
TEST_0177, 22일 오후 7시 50분경​
TEST_0178, 위법 논란이 이는 대목은 대검 감찰
TEST_0179, 1. 추미애 장관의 감찰 지시에 대
TEST_0180, 완도군과 울타리USA가 미국 온라인
TEST_0181, 울타리USA 온라인 몰과 미주 중앙
TEST_0182," 다시마전복수산영어조합법인, 흥일식품"
TEST_0183, 2006년​​​​​​​​​​​​​​
TEST_0184, 3600만 달러 
TEST_0185, 6권​
TEST_0186, 229권​
TEST_0187, 6912건​
TEST_0188, 20만건 이상 적다. ​​​​​​​
TEST_0189, 도서관의 빅데이터를 분석하여 테마를
TEST_0190, 2021년 7월 14일​
TEST_0191, 2만명​​​​​​​​​​​​​​​​
TEST_0192, 4대 의료정책 
TEST_0193, 2만명​​​​​​​​​​​​​​​​
TEST_0194, 1. 응급도 낮은 수술을 일부 연기
TEST_0195, 3억원​
TEST_0196, 10개소​
TEST_0197, 3월​
TEST_0198, 2021년 12월​
TEST_0199, 50명​
TEST_0200, 위니아딤채​​​​​​​​​​​​​​
TEST_0201, 퓨어플렉스​​​​​​​​​​​​​​
TEST_0202, 500원 
TEST_0203, 동물자유연대 
TEST_0204, 5월​
TEST_0205, 2020년 12월 1일​​​​​​​
TEST_0206, 열병합 발전소 
TEST_0207, 우드팰릿(Wood Pellet)​​
TEST_0208, 2조 200억원​​​​​​​​​​​
TEST_0209, SGC의 로고 의미 추가 내용​​​
TEST_0210, 점심시간대​​​​​​​​​​​​​​
TEST_0211, 220억원​​​​​​​​​​​​​​
TEST_0212, 396대​​​​​​​​​​​​​​​
TEST_0213, 9억4852만원​​​​​​​​​​​
TEST_0214, 3억 8337만원​​​​​​​​​​
TEST_0215, 10월 16일​ 
TEST_0216, 명지대학교(총장 유병진) ‘한국반도
TEST_0217, 한양대 전형탁 교수 
TEST_0218, 한기대 장영철 교수야. 
TEST_0219, 한국산업기술대 김기현 교수야.​​​
TEST_0220, 34기​​​​​​​​​​​​​​​​
TEST_0221, 12일 ​
TEST_0222, 1월 21일 
TEST_0223, 2017년 10월 10일 ​
TEST_0224, 대검 정책기획과가 법무부 검찰과와 
TEST_0225," 유아용품, 겨울의류​​​​​​​​​"
TEST_0226, 1억800만원​​​​​​​​​​​​
TEST_0227, 89.6대 1​​​​​​​​​​​​
TEST_0228, 8조6242억원​​​​​​​​​​​
TEST_0229, 80%​​​​​​​​​​​​​​​​
TEST_0230, 50만원​​​​​​​​​​​​​​​
TEST_0231, 석호길​
TEST_0232, Group TRD 회장은 한지운이야
TEST_0233, 익성 해외총괄그룹장은 박성대야.​Q
TEST_0234, 2021년 1월 19일​
TEST_0235, 탄자니아. 케냐. 파라과이. 브라질
TEST_0236, 1만 500개 이상​​​​​​​​​
TEST_0237, 1800만명 이상​​​​​​​​​​
TEST_0238, 2025년 거래액 25조원 달성​​
TEST_0239, 600만회​​​​​​​​​​​​​​
TEST_0240," TV홈쇼핑 시장, 모바일 커머스 시"
TEST_0241, 84​​​​​​​​​​​​​​​​​
TEST_0242, 92​​​​​​​​​​​​​​​​​
TEST_0243, 기계(90)와 소재(88) 부문의 
TEST_0244, 68.6​​​​​​​​​​​​​​​
TEST_0245, 7.8조원​​​​​​​​​​​​​​
TEST_0246, 1500대​
TEST_0247, 김학동​​​​​​​​​​​​​​​​
TEST_0248, 포스코 청송대​
TEST_0249, 일렉시티​​​​​​​​​​​​​​​
TEST_0250, 500만톤​​​​​​​​​​​​​​
TEST_0251, 서울 역삼동 835-11번지 3층이
TEST_0252, 1억달러이다.​ 
TEST_0253, 2500달러이다.​​​​​​​​​​
TEST_0254, 11월 14일 토요일 오후 2시​ 
TEST_0255, 빅리버II 프로젝트는 미국 아칸소주
TEST_0256, 3.98%​
TEST_0257, 200여종​​​​​​​​​​​​​​
TEST_0258, 드라이브스루 집회 ​​​​​​​​​
TEST_0259, 2012년 
TEST_0260, 드림그림은 한성자동차 울프 아우스프
TEST_0261, 2013년​
TEST_0262," 2015년 40명, 2016년 40"
TEST_0263," 온라인 수업, 온라인 행사, 온라인"
TEST_0264, 28위 
TEST_0265, 500만원​​​​​​​​​​​​​​
TEST_0266, 2020년 8월 ​
TEST_0267, 2017년 9월​​​​​​​​​​​
TEST_0268," 1. 투기지역, 투기과열지구 2. "
TEST_0269, 7월​ 
TEST_0270, 2022년​​​​​​​​​​​​​​
TEST_0271, 2021~2023년​​​​​​​​​
TEST_0272, 63.8%​​​​​​​​​​​​​​
TEST_0273, 73만명​
TEST_0274, 공약 이행이 사실상 실패한 것 아니
TEST_0275," 실손보험, 자동차보험, 화재보험, "
TEST_0276, 종신보험은 피보험자가 사망할 때까지
TEST_0277, 암보험은 30세 이전에 가입해야 한
TEST_0278, 저축성 보험은 만기에 원금과 이자를
TEST_0279, 57%​​​​​​​​​​​​​​​​
TEST_0280," 왓챠, 웨이브, 티빙​​​​​​​​"
TEST_0281, 2021년 1월 21일​​​​​​​
TEST_0282, 건별 결제 방식​​​​​​​​​​​
TEST_0283, 넷플릭스도 SVOD 방식으로 계약을
TEST_0284, 극장 개봉 이후 3~6개월 사이 I
TEST_0285, 2~8°C​​​​​​​​​​​​​​
TEST_0286, 서울대학교 산학협력단​​​​​​​​
TEST_0287, 30.3% 
TEST_0288, 25.4% 
TEST_0289, 100%​​​​​​​​​​​​​​​
TEST_0290, 43.5%​​​​​​​​​​​​​​
TEST_0291, 송경환​
TEST_0292, 12억 5200만원​​​​​​​​​
TEST_0293, 6억9100만원​​​​​​​​​​​
TEST_0294, 2019년 6억9100만원에서 20
TEST_0295, 코로나19로 방문객이 줄어 어려움을
TEST_0296, 23번째 ​​​​​​​​​​​​​​
TEST_0297, 10만 가구 ​​​​​​​​​​​​
TEST_0298, 204% ​​​​​​​​​​​​​​
TEST_0299, 강남구 ​​​​​​​​​​​​​​​
TEST_0300, 800가구. ​​​​​​​​​​​​
TEST_0301, 분당 소재 88평짜리 대형 주상복합
TEST_0302, 360만원​​​​​​​​​​​​​​
TEST_0303, B씨의 처남​​​​​​​​​​​​​
TEST_0304, 빅데이터 분석​​​​​​​​​​​​
TEST_0305, 85.7%​​​​​​​​​​​​​​
TEST_0306, 100kW​​​​​​​​​​​​​​
TEST_0307, 2018년 ​​​​​​​​​​​​​
TEST_0308, 300mm​​​​​​​​​​​​​​
TEST_0309, 1만2721개​​​​​​​​​​​​
TEST_0310, 산지 태양광 발전시설의 운영 상황을
TEST_0311, 61대1​​​​​​​​​​​​​​​
TEST_0312," 10월 12일, 22일​"
TEST_0313," 10월 12일, 22일​"
TEST_0314, 10월 22일​
TEST_0315, 10월 26일​
TEST_0316," 2013년 10월 4일, 국정감사장"
TEST_0317, 5억원이다. 
TEST_0318, 324억3900만원 ​​​​​​​​
TEST_0319, 305억7800만원 ​​​​​​​​
TEST_0320, 5400만원 ​​​​​​​​​​​​
TEST_0321, 146억9800만원 ​​​​​​​​
TEST_0322, 2019년 판매관리비는 234억29
TEST_0323, 600만원​
TEST_0324, 경기도 고양시 킨텍스​​​​​​​​
TEST_0325, 코로나19로 인해 비대면이 일상화 
TEST_0326," 베이징, 베이징​​​​​​​​​​​"
TEST_0327, N사​​​​​​​​​​​​​​​​​
TEST_0328, 1.경기도와 경과원의 사전 매칭을 
TEST_0329, 한화손해보험​​​​​​​​​​​​​
TEST_0330, 100조원​​​​​​​​​​​​​​
TEST_0331, 2019년 6월 20일 ​​​​​​
TEST_0332, 11 
TEST_0333, 36명​​​​​​​​​​​​​​​​
TEST_0334, 더불어민주당​​​​​​​​​​​​​
TEST_0335, 정의당 심상정 대표의 지역 사무실은
TEST_0336, 4.9도​​​​​​​​​​​​​​​
TEST_0337, 선관주의 의무​​​​​​​​​​​​
TEST_0338, 아트리파라다이스​​​​​​​​​​​
TEST_0339, 부실사모사채​​​​​​​​​​​​​
TEST_0340, 하나은행​​​​​​​​​​​​​​​
TEST_0341, 1. 옵티머스 펀드의 문제점을 지적
TEST_0342, 12월 10일​​​​​​​​​​​​
TEST_0343, 조지아주​​​​​​​​​​​​​​​
TEST_0344, 67일​​​​​​​​​​​​​​​​
TEST_0345, 2022년​​​​​​​​​​​​​​
TEST_0346, 11월 3일​​​​​​​​​​​​​
TEST_0347, 공군29전술개발훈련비행전대(29전대
TEST_0348, 2021년 7월 10일​​​​​​​
TEST_0349, 8살이야.​​​​​​​​​​​​​​
TEST_0350, 11년 전​​​​​​​​​​​​​​
TEST_0351, 12명​​​​​​​​​​​​​​​​
TEST_0352, 59조원 증가했어.​
TEST_0353, 2조4865억원 감소(-9.46%)
TEST_0354, 전체 대비 2.28%로 전월보다 0
TEST_0355, 229억원​
TEST_0356, 박셀바이오​​​​​​​​​​​​​​
TEST_0357, 5.3%​​​​​​​​​​​​​​​
TEST_0358, 7980만대​​​​​​​​​​​​​
TEST_0359," 샤오미, 오포, 비보, 리얼미, 애"
TEST_0360, 1.2%​​​​​​​​​​​​​​​
TEST_0361, 6억3500만대​​​​​​​​​​​
TEST_0362, 1만1777대​​​​​​​​​​​​
TEST_0363, 2020년 8월 17일​​​​​​​
TEST_0364, 40만 131명​​​​​​​​​​​
TEST_0365, 감염병예방법 제70조(감염병 유행에
TEST_0366, Preventive treatmen
TEST_0367, 5개 지자체​​​​​​​​​​​​​
TEST_0368, 81개 시·군·구​​​​​​​​​​
TEST_0369, 24곳​​​​​​​​​​​​​​​​
TEST_0370, 55건​​​​​​​​​​​​​​​​
TEST_0371, 314건​​​​​​​​​​​​​​​
TEST_0372, 12곳​​​​​​​​​​​​​​​​
TEST_0373, 서울특별시 구로구 신도림동​​​​​
TEST_0374, 1조 700억원​​​​​​​​​​​
TEST_0375, 노무현 정부 시절인 2004~200
TEST_0376, 10% 
TEST_0377, 해고자·실업자 노조가입허용과 노조 
TEST_0378," 1차 시장으로 양질의 일자리이며, "
TEST_0379, 대통령의 노동개혁 추진력​​​​​​
TEST_0380, 2099억원​​​​​​​​​​​​​
TEST_0381, 씨젠은 4분기에도 실적이 나아질 것
TEST_0382, 백신 개발 소식에 씨젠 주가는 하락
TEST_0383, CFX96​​​​​​​​​​​​​​
TEST_0384, 60%​​​​​​​​​​​​​​​​
TEST_0385, 약 3000명​​​​​​​​​​​​
TEST_0386, 고용노동부 
TEST_0387, E9 비자​​​​​​​​​​​​​​
TEST_0388, 목포해양경찰서 
TEST_0389," 베트남, 필리핀, 인도네시아, 태국"
TEST_0390, 2020년 10월 21일​​​​​​
TEST_0391, 2020년 4월 23일​
TEST_0392, 2020년 9월 21일​
TEST_0393, 54세​​​​​​​​​​​​​​​​
TEST_0394, 31기​​​​​​​​​​​​​​​​
TEST_0395, 1인당 25만 원이다. 
TEST_0396, 2021년 1월 18일 0시 기준 
TEST_0397, 720억 원 
TEST_0398, 선불카드로 지급한다. 
TEST_0399, 선불카드로 지급된다. 
TEST_0400, 54명​​​​​​​​​​​​​​​​
TEST_0401, 1 이하​​​​​​​​​​​​​​​
TEST_0402, 139개​​​​​​​​​​​​​​​
TEST_0403, 10월 12일​​​​​​​​​​​​
TEST_0404, 10월 11일​​​​​​​​​​​​
TEST_0405, 8억 6700만원​​​​​​​​​​
TEST_0406, 금시작비(今是昨非)​​​​​​​​​
TEST_0407, 법무연수원​​​​​​​​​​​​​​
TEST_0408, 추 장관은 윤 총장을 향한 비판의 
TEST_0409, 2020년 11월 5일​
TEST_0410, 추미애 법무부 장관이 윤석열 검찰총
TEST_0411, 2021년 3월 13일​​​​​​​
TEST_0412, 전태일 열사 50주기를 맞은 날​​
TEST_0413," 정의당 대변인이자, 정의당 소속 국"
TEST_0414, 국민의힘​​​​​​​​​​​​​​​
TEST_0415, 카이스트​​​​​​​​​​​​​​​
TEST_0416, 6종이다. ​​​​​​​​​​​​​
TEST_0417, 888.2% 
TEST_0418, 130종이다. ​​​​​​​​​​​
TEST_0419, 40대​​​​​​​​​​​​​​​​
TEST_0420, 13일부터 18일까지 6일간이다. 
TEST_0421, 황세운 자본시장연구원 연구위원​​​
TEST_0422, 69.1%​​​​​​​​​​​​​​
TEST_0423, 3개월​​​​​​​​​​​​​​​​
TEST_0424, 62.5%​​​​​​​​​​​​​​
TEST_0425, 75.6%​​​​​​​​​​​​​​
TEST_0426, 55.7%​​​​​​​​​​​​​​
TEST_0427, 차량 단위 가맹계약​​​​​​​​​
TEST_0428, 부동산 관리업체​​​​​​​​​​​
TEST_0429, 8.50~9.75홍콩달러​​​​​​
TEST_0430, 코너스톤 등 펀드 23곳​​​​​​
TEST_0431, 부동산 개발회사다.​​​​​​​​​
TEST_0432, 16억200만 주다. 이 가운데 절
TEST_0433, 25~30%​
TEST_0434, 중국 신장위구르자치구​​​​​​​​
TEST_0435, 59.25포인트 하락​​​​​​​​
TEST_0436, 개인투자자​​​​​​​​​​​​​​
TEST_0437, 대구​​​​​​​​​​​​​​​​​
TEST_0438, 5.39%​​​​​​​​​​​​​​
TEST_0439, 2억225만5530주​​​​​​​​
TEST_0440, 47억원 
TEST_0441, 서초구 반포동 반포3주구 아파트. 
TEST_0442, 삼성물산​​​​​​​​​​​​​​​
TEST_0443, 50층​​​​​​​​​​​​​​​​
TEST_0444, 250% 
TEST_0445, 386가구​​​​​​​​​​​​​​
TEST_0446, 2008년 
TEST_0447, 700억엔(7조 8000억원)​​​
TEST_0448, 120개 국가 
TEST_0449, 824억 달러(약 97조원)​​​​
TEST_0450, 75%​​​​​​​​​​​​​​​​
TEST_0451, 디지털 인버터 컴프레서​
TEST_0452, 40dB(데시벨) 수준​
TEST_0453, 70%​
TEST_0454, 5개​
TEST_0455," 849,00원​​​​​​​​​​​​"
TEST_0456, XD 플렉스 모듈​​​​​​​​​​
TEST_0457, 2007년 
TEST_0458, 2009년​​​​​​​​​​​​​​
TEST_0459, 2017년 
TEST_0460, 2013년 
TEST_0461, 449억 800만 달러​​​​​​​
TEST_0462, 390억 달러로 지난해보다 5.8%
TEST_0463, 2018년 11월​​​​​​​​​​
TEST_0464, 80억 달러​​​​​​​​​​​​​
TEST_0465, ​코로나19 재확산과 함께 진단키트
TEST_0466, 68개​​​​​​​​​​​​​​​​
TEST_0467, 16일 0시 기준 국내 코로나19 
TEST_0468, 20개​​​​​​​​​​​​​​​​
TEST_0469, 97개​​​​​​​​​​​​​​​​
TEST_0470, 8월 14일​​​​​​​​​​​​​
TEST_0471, 576원​
TEST_0472, 7~800원​​​​​​​​​​​​​
TEST_0473," 1300원에 이르면서, 원가는 물론"
TEST_0474, 7~8000원​​​​​​​​​​​​
TEST_0475, 2500~300원​​​​​​​​​​
TEST_0476," 중국, 러시아, 카자흐스탄, 키르기"
TEST_0477, 2001년​​​​​​​​​​​​​​
TEST_0478, 2015년 6월 29일n 
TEST_0479, 16개 국가다.​​​​​​​​​​​
TEST_0480, SCO는 2017년 6월 6일 1차
TEST_0481, 5억7000만원​
TEST_0482, 2066억2000만원 
TEST_0483, 22개 조항​​​​​​​​​​​​​
TEST_0484, 69년​​​​​​​​​​​​​​​​
TEST_0485, 200년 12월 29일 제정된 ‘산
TEST_0486," 석사 논문은 600만원, 박사는 1"
TEST_0487, 위챗(WeChat)은 중국 최대 메
TEST_0488, 2019년​​​​​​​​​​​​​​
TEST_0489, 25.5%​​​​​​​​​​​​​​
TEST_0490, 16만165명​​​​​​​​​​​​
TEST_0491, 19기 5중전회​​​​​​​​​​​
TEST_0492, 2011년 ​​​​​​​​​​​​​
TEST_0493, 10.5%​​​​​​​​​​​​​​
TEST_0494, 2025년​​​​​​​​​​​​​​
TEST_0495, 미국​​​​​​​​​​​​​​​​​
TEST_0496, 비소세포성 폐암·삼중음성유방암 치료
TEST_0497, 진퀀텀​​​​​​​​​​​​​​​​
TEST_0498, 2578억위안​
TEST_0499, 60여건​​​​​​​​​​​​​​​
TEST_0500, 위탁개발(CDO)​​​​​​​​​​
TEST_0501, 1.5단계 격상으로 인해 실내활동이
TEST_0502, 10월 11일까지​​​​​​​​​​
TEST_0503, 한복 챌린지​​​​​​​​​​​​​
TEST_0504, 67명​
TEST_0505, 2021학년도 중등교사 임용후보자 
TEST_0506, 142명​
TEST_0507, 395명​
TEST_0508, 에이스​
TEST_0509, 37세​​​​​​​​​​​​​​​​
TEST_0510, 55.7세​​​​​​​​​​​​​​
TEST_0511, 박승덕(50) 한화솔루션 사업전략실
TEST_0512, GELI​​​​​​​​​​​​​​​
TEST_0513, 5013억원​​​​​​​​​​​​​
TEST_0514, 성윤모 산업통상자원부 장관​​​​​
TEST_0515, 32만 개​
TEST_0516, 2조 800억 원​
TEST_0517, 감사 자료를 삭제한 산업부 공무원의
TEST_0518, 강훈식 민주당 의원​​​​​​​​​
TEST_0519, 500t급. 500t급 턴테이블은 
TEST_0520, 30년 
TEST_0521, 대만은 2016년 12월 세계 최초
TEST_0522, 500억원​​​​​​​​​​​​​​
TEST_0523," 미국, 유럽, 아프리카​​​​​​​"
TEST_0524, 공시지가 6억원 이하​​​​​​​​
TEST_0525, 95.5%(1789만호) 
TEST_0526, 1억원 이하​​​​​​​​​​​​​
TEST_0527, 4785억원​​​​​​​​​​​​​
TEST_0528, 2023년까지 3년간 적용된다.​​
TEST_0529, 2020년 5월 5일​​​​​​​​
TEST_0530, 1%​​​​​​​​​​​​​​​​​
TEST_0531, 100%​​​​​​​​​​​​​​​
TEST_0532, ​공공투자는 경기 회복에 중심 역할
TEST_0533, 인프라 유지 보수​​​​​​​​​​
TEST_0534, 11개 농가 4.9ha​​​​​​​
TEST_0535, 2020년 5월​​​​​​​​​​​
TEST_0536, 4억원​
TEST_0537, 춘양면​​​​​​​​​​​​​​​​
TEST_0538, 한경대학교 산학협력단​​​​​​​​
TEST_0539, 150억원​​​​​​​​​​​​​​
TEST_0540, 2020년 11월 ​​​​​​​​​
TEST_0541," 월 70만원, 연간 500만원이야."
TEST_0542, 한국조폐공사 ​​​​​​​​​​​​
TEST_0543, 2월 설명절을 맞아 폭발적으로 판매
TEST_0544," 삼성디스플레이, LG디스플레이, B"
TEST_0545, 프란체스카 홍​​​​​​​​​​​​
TEST_0546, 76번​​​​​​​​​​​​​​​​
TEST_0547, 32살이다.​​​​​​​​​​​​​
TEST_0548, 500명 정도.​​​​​​​​​​​
TEST_0549, 24도였다.​​​​​​​​​​​​​
TEST_0550, 엘포인트(L.Point) 회원​​​
TEST_0551, 3개​​​​​​​​​​​​​​​​​
TEST_0552, 2020년 7월 31일​​​​​​​
TEST_0553, 2020년 7월 1일​​​​​​​​
TEST_0554, 세종시​​​​​​​​​​​​​​​​
TEST_0555, 6.53%​​​​​​​​​​​​​​
TEST_0556, 금강​​​​​​​​​​​​​​​​​
TEST_0557, 현대자동차​​​​​​​​​​​​​​
TEST_0558, 삼성전자​​​​​​​​​​​​​​​
TEST_0559, 금복주​​​​​​​​​​​​​​​​
TEST_0560, 교보문고​​​​​​​​​​​​​​​
TEST_0561, 4번 출구​​​​​​​​​​​​​​
TEST_0562, 9억원​​​​​​​​​​​​​​​​
TEST_0563, 4명​​​​​​​​​​​​​​​​​
TEST_0564, 50~100명​​​​​​​​​​​​
TEST_0565, 2020년 10월 5일​​​​​​​
TEST_0566, 은평구​​​​​​​​​​​​​​​​
TEST_0567, 과천시​​​​​​​​​​​​​​​​
TEST_0568, 57.9%​​​​​​​​​​​​​​
TEST_0569," 경남, 경북 ​​​​​​​​​​​​"
TEST_0570, 47%​​​​​​​​​​​​​​​​
TEST_0571, 경북대학교병원​​​​​​​​​​​​
TEST_0572, 중앙방역대책본부장​​​​​​​​​​
TEST_0573, 중앙사고수습본부 1총괄조정관​​​​
TEST_0574, 42명​
TEST_0575, 고대구로병원​​​​​​​​​​​​​
TEST_0576, 1200대​​​​​​​​​​​​​​
TEST_0577, 150만원 
TEST_0578, 260만원 
TEST_0579, 20만원​
TEST_0580, 전기이륜차의 안전성을 확보하기 위해
TEST_0581, 8개 차종 1만300대 
TEST_0582, 217만원​​​​​​​​​​​​​​
TEST_0583, SUV 
TEST_0584, 1% 이율 적용​​​​​​​​​​​
TEST_0585, 6.9%​​​​​​​​​​​​​​​
TEST_0586, 스트리밍으로 먼저 공개하기로 한 이
TEST_0587, 아리엘 챈들러​​​​​​​​​​​​
TEST_0588, 25파운드(11kg)​​​​​​​​
TEST_0589," 자몽, 오렌지, 레몬, 라임, 수박"
TEST_0590, 자전거 타기ᆞ빠른 걷기ᆞ수영ᆞ요가ᆞ
TEST_0591, 바나나ᆞ파인애플ᆞ망고ᆞ건조 과일 등
TEST_0592, 7%였다.​​​​​​​​​​​​​​
TEST_0593, 9조3607억원​​​​​​​​​​​
TEST_0594, 85.5%​​​​​​​​​​​​​​
TEST_0595, 1103.8원​​​​​​​​​​​​
TEST_0596, 50조6740억원. 1년 전보다 5
TEST_0597, 10억원​
TEST_0598, 1억원​​​​​​​​​​​​​​​​
TEST_0599, 40%​​​​​​​​​​​​​​​​
TEST_0600, 504개 기관 
TEST_0601, 20만원​
TEST_0602, 25척 
TEST_0603, 20여 명​​​​​​​​​​​​​​
TEST_0604, 12척​​​​​​​​​​​​​​​​
TEST_0605, 12척 
TEST_0606, 80.5mm​​​​​​​​​​​​​
TEST_0607, 791억원​​​​​​​​​​​​​​
TEST_0608, 2021년 10월​​​​​​​​​​
TEST_0609, 9개 단체​​​​​​​​​​​​​​
TEST_0610, 광화문광장 재구조화 사업은 2019
TEST_0611, 서울시가 광화문광장 재구조화 사업을
TEST_0612, 10.2%​​​​​​​​​​​​​​
TEST_0613, 5% 이내​​​​​​​​​​​​​​
TEST_0614, 5%​​​​​​​​​​​​​​​​​
TEST_0615, 7200만원​​​​​​​​​​​​​
TEST_0616, 5%​​​​​​​​​​​​​​​​​
TEST_0617, 11일 ​​​​​​​​​​​​​​​
TEST_0618, 희망브리지 전국재해구호협회와 함께 
TEST_0619, 3대​​​​​​​​​​​​​​​​​
TEST_0620, 문재인 대통령 김정숙 여사가 금일봉
TEST_0621, 100만원 
TEST_0622, 37세​​​​​​​​​​​​​​​​
TEST_0623, 55.7세​​​​​​​​​​​​​​
TEST_0624, 7위 
TEST_0625, 한화그룹의 자산 규모와 비슷하다.​
TEST_0626, 김동원​​​​​​​​​​​​​​​​
TEST_0627, 카르멘 라인하트 세계은행 수석 이코
TEST_0628, 20% 이상​
TEST_0629, 2020년 10월 25일​​​​​​
TEST_0630," 30,00개 기업​"
TEST_0631, 혁신추구​​​​​​​​​​​​​​​
TEST_0632, <|url_start|>https:
TEST_0633, 10만 부​
TEST_0634, 12월 31일​​​​​​​​​​​​
TEST_0635, 4분기 코스피 상장사 순이익 증가율
TEST_0636, 85.5%​​​​​​​​​​​​​​
TEST_0637, 48.9%​​​​​​​​​​​​​​
TEST_0638, 1888억원가량 적자로 돌아섰고 한
TEST_0639, 5.3%​​​​​​​​​​​​​​​
TEST_0640, 광주시는 '2021년도 마을기업 청
TEST_0641, 180만원​
TEST_0642, 만 18~39세​
TEST_0643, 200만원​
TEST_0644, 100만원​
TEST_0645, 11월 24일 ~ 12월 7일​​​
TEST_0646, 175.1명​​​​​​​​​​​​​
TEST_0647, 27.4명으로 2단계 기준(30명)
TEST_0648, 박능후 중대본 1차장(보건복지부 장
TEST_0649," 클럽, 유흥주점, 단란주점, 감성주"
TEST_0650, 삼성증권 리서치센터장​​​​​​​​
TEST_0651, 2020년 10월 6일​
TEST_0652, 대검찰청 감찰부 
TEST_0653, 94억원​
TEST_0654, 이완규 변호사​​​​​​​​​​​​
TEST_0655, 대검 감찰부에 수사 의뢰​​​​​​
TEST_0656, 2021년 5월 28일​
TEST_0657, 230ha​
TEST_0658, GAP 인증 도정시설에서 가공하는 
TEST_0659," 1,00톤​"
TEST_0660, 50억 원​​​​​​​​​​​​​​
TEST_0661, 세종시​​​​​​​​​​​​​​​​
TEST_0662, 2020년 10월 9일​​​​​​​
TEST_0663, 임대차계약이 종료된 후 2년이 지나
TEST_0664, 흑석동​​​​​​​​​​​​​​​​
TEST_0665, 6월 1일​​​​​​​​​​​​​​
TEST_0666," 56,594㎢로, 남한의 1/4 정"
TEST_0667, 100개 이상.​​​​​​​​​​​
TEST_0668, 2020년 7월 1일​​​​​​​​
TEST_0669, 5만500명. 
TEST_0670, 자그레브​​​​​​​​​​​​​​​
TEST_0671, 약 1000만명 분량의 백신을 우선
TEST_0672, DNA백신이야. DNA백신은 DNA
TEST_0673, 60개 
TEST_0674, 20건이다. 
TEST_0675," 보건의료인과 사회 필수시설 종사자,"
TEST_0676, 한국농어촌공사​​​​​​​​​​​​
TEST_0677, 장영호​​​​​​​​​​​​​​​​
TEST_0678, 9개​
TEST_0679, 2019년 12월 10일​​​​​​
TEST_0680," 공간효율, 주민행복, 사회적책임​​"
TEST_0681, 199년 외환위기 직후 경기 부양을
TEST_0682, 7조 4109억원​​​​​​​​​​
TEST_0683, 5%​​​​​​​​​​​​​​​​​
TEST_0684, 수요 예측 실패 등으로 적자가 이어
TEST_0685, MRG(Minimum Revenue
TEST_0686, 2만3006대​​​​​​​​​​​​
TEST_0687, 2021년 1월 18일 ​​​​​​
TEST_0688, 98만500대​​​​​​​​​​​​
TEST_0689," 혼다 오딧세이, 도요타 시에나​​​"
TEST_0690, 세도나​​​​​​​​​​​​​​​​
TEST_0691, 2021년 2월 21일​
TEST_0692, 서찬식​​​​​​​​​​​​​​​​
TEST_0693, 11명​
TEST_0694, 2개 
TEST_0695, 2019년 
TEST_0696, 1월 1일​
TEST_0697, 5월 10일까지 
TEST_0698, 5월 10일​
TEST_0699, 전남도 토지관리과​​​​​​​​​​
TEST_0700, 5월10일​​​​​​​​​​​​​​
TEST_0701, 1. 윤 총장은 추 장관이 채널A 
TEST_0702, 200만원​
TEST_0703, 11월 
TEST_0704, 천안시​
TEST_0705," 음식점과 주점, 사우나, 수영장, "
TEST_0706, 0.3% 
TEST_0707, 100명당 5.8명 이상이면 유행 
TEST_0708, 20%로 낮추기로 했다.​​​​​​
TEST_0709, 소급적용은 하지 않는다. ​​​​​
TEST_0710, 저신용자가 제도권에서 대출을 받지 
TEST_0711, 연간 2700억원 이상 추가 공급​
TEST_0712, 57만명​​​​​​​​​​​​​​​
TEST_0713, Sargassum horneri​​
TEST_0714, 3~5m 
TEST_0715, 중국 저우산 지역​​​​​​​​​​
TEST_0716, 3~6월​​​​​​​​​​​​​​​
TEST_0717, 이미퀴모드(Imiquimod)​​​
TEST_0718, 전공의 1만3571명 중 9383명
TEST_0719, 69.1%​​​​​​​​​​​​​​
TEST_0720, 500여명​​​​​​​​​​​​​​
TEST_0721, 6000명 이상(경찰 추산 3000
TEST_0722, 244곳​ 
TEST_0723, 메리퀸 
TEST_0724, 17농가​
TEST_0725, 메리퀸​​​​​​​​​​​​​​​​
TEST_0726, 2017년 
TEST_0727, 싱가포르와 말레이시아 
TEST_0728, 생활치료센터​​​​​​​​​​​​​
TEST_0729, 19일 대기 환자가 발생할 가능성을
TEST_0730, 생활치료센터 
TEST_0731, 2020년 3월 11일​​​​​​​
TEST_0732, 2회 이상​​​​​​​​​​​​​​
TEST_0733, 2018년​
TEST_0734, 208명​
TEST_0735, 수도권과 강원권​​​​​​​​​​​
TEST_0736, 100명​​​​​​​​​​​​​​​
TEST_0737, 11.1명​​​​​​​​​​​​​​
TEST_0738, 음식물 섭취가 금지된다.​​​​​​
TEST_0739," 14주, 22주, 33주, 44주,"
TEST_0740, 1년 이하​
TEST_0741, 낙태죄 완전 폐지를 권고한다. ​​
TEST_0742, CEDAW​
TEST_0743," 낙태를 비범죄화, 비처벌화 하는 것"
TEST_0744, 명륜역​​​​​​​​​​​​​​​​
TEST_0745, 트롬 건조기 1대 80만원​​​​​
TEST_0746, 노무현 대통령 시절 청와대에 제작한
TEST_0747, BTS CD​​​​​​​​​​​​​
TEST_0748, 20만원​​​​​​​​​​​​​​​
TEST_0749, 65%​
TEST_0750, 115만명. 2019년 12월 기준
TEST_0751, 오지랩(OZYLAB) 
TEST_0752, 10초​​​​​​​​​​​​​​​​
TEST_0753, 2019년 12월. 제일기획은 20
TEST_0754, 1개월 이내​​​​​​​​​​​​​
TEST_0755, 영하 70도​​​​​​​​​​​​​
TEST_0756, 화이자 백신은 영하 70도에서 보관
TEST_0757, 화이자 백신은 영하 70도에서 최대
TEST_0758, 단백질​​​​​​​​​​​​​​​​
TEST_0759, mRNA 백신은 바이러스를 약하게 
TEST_0760, 50~70% 
TEST_0761, 2021년 3월 30일​​​​​​​
TEST_0762, 10.3%​​​​​​​​​​​​​​
TEST_0763, 38.1%​​​​​​​​​​​​​​
TEST_0764, 30.1%​​​​​​​​​​​​​​
TEST_0765," 10,00원​​​​​​​​​​​​​"
TEST_0766, 168개 요양병원 중 167개 요양
TEST_0767, 9월 21일​​​​​​​​​​​​​
TEST_0768, 7명​​​​​​​​​​​​​​​​​
TEST_0769, 99명 
TEST_0770, 9월 이후​​​​​​​​​​​​​​
TEST_0771, 박일준 ​​​​​​​​​​​​​​​
TEST_0772, 26곳​
TEST_0773, 신재생에너지와 산업재해 예방을 위한
TEST_0774, 400만원이다. ​​​​​​​​​​
TEST_0775, 237명​​​​​​​​​​​​​​​
TEST_0776, 41m2​​​​​​​​​​​​​​​
TEST_0777, 300만원​​​​​​​​​​​​​​
TEST_0778, 8%​​​​​​​​​​​​​​​​​
TEST_0779, 70% 
TEST_0780, 80% 
TEST_0781, 191명​
TEST_0782, 75명​ 
TEST_0783, 12명 
TEST_0784, 11월 11일 
TEST_0785, 13%대​​​​​​​​​​​​​​​
TEST_0786, 1995년​
TEST_0787, 2014년​​​​​​​​​​​​​​
TEST_0788, 5만4413대​​​​​​​​​​​​
TEST_0789, 약 320억 원​​​​​​​​​​​
TEST_0790, 87개​​​​​​​​​​​​​​​​
TEST_0791, 133조원​​​​​​​​​​​​​​
TEST_0792, 투명 페이스쉴드(얼굴덮개)​​​​​
TEST_0793, 17.2%​​​​​​​​​​​​​​
TEST_0794, 21.5%​​​​​​​​​​​​​​
TEST_0795, 95% 신뢰수준에 ±1.9%​​​​
TEST_0796, 2021년 7월 2일​​​​​​​​
TEST_0797, 법무연수원은 검찰에서 가장 큰 연수
TEST_0798, 익산​ 
TEST_0799, 8월 18일 ​​​​​​​​​​​​
TEST_0800, 60세​​​​​​​​​​​​​​​​
TEST_0801, 군산의료원​​​​​​​​​​​​​​
TEST_0802, 강영석​​​​​​​​​​​​​​​​
TEST_0803, 400명​​​​​​​​​​​​​​​
TEST_0804," 서울, 부산, 대전, 청주, 제주,"
TEST_0805, 부산시청 시민광장​​​​​​​​​​
TEST_0806, 김재하​​​​​​​​​​​​​​​​
TEST_0807, 1970년 11월 13일 
TEST_0808, 50%까지만 적용된다.​
TEST_0809, 5월 28일 목포시의회 의결을 거쳐
TEST_0810, 유흥주점 등 고급 오락장에 해당하는
TEST_0811, 2800여만원 
TEST_0812, 시의회 의결을 거쳐야 한다.​
TEST_0813, 7~8% 수준에서 논의 중​​​​​
TEST_0814, 홍남기 경제부총리 겸 기획재정부 장
TEST_0815, 160조 원​​​​​​​​​​​​​
TEST_0816, 512조3000억원​​​​​​​​​
TEST_0817, 43.5%​​​​​​​​​​​​​​
TEST_0818, A씨는 “상급자들이 ‘청경 총괄 부
TEST_0819, “도청 현관 데스크에서 민원인 안내
TEST_0820, 2주 
TEST_0821, 강원도청 내 청경 근무지​
TEST_0822," 총무과. 청경의 인사, 급여, 복무"
TEST_0823, 대구광역시 수성구 청호로 321(황
TEST_0824, 대구 동구 팔공로 227(봉무동)에
TEST_0825, 대구 동구 파계로112길 17(중대
TEST_0826, 대구 중구 남성로 49​​​​​​​
TEST_0827, 대구 중구 달구벌대로415길 49(
TEST_0828, 독일​​​​​​​​​​​​​​​​​
TEST_0829, 보리스 존슨 영국 총리​​​​​​​
TEST_0830, 파리 기후 협약​​​​​​​​​​​
TEST_0831, 방위비 분담 문제​​​​​​​​​​
TEST_0832, 바이든 행정부에서 기대하기 어려운 
TEST_0833, 광주지역본부 주차장 
TEST_0834, 금요일 
TEST_0835, NH농협은행 대학생봉사단 N돌핀​C
TEST_0836, 탄소배출 저감​
TEST_0837, 강​​​​​​​​​​​​​​​​​​
TEST_0838, 10만원​
TEST_0839," 여의도 한강공원, 뚝섬 한강공원, "
TEST_0840," 여의도 한강공원, 뚝섬 한강공원, "
TEST_0841," 1시간당 10분, 또는 3시간당 3"
TEST_0842, 전체 좌석의 30% 이내로 대면 예
TEST_0843, 태극기 혁명 국민운동본부(국본)와 
TEST_0844, 100인 미만​​​​​​​​​​​​
TEST_0845, '새로운 한국을 위한 국민행동'(새
TEST_0846," 광화문광장, 서울광장, 청계광장, "
TEST_0847, 73명​​​​​​​​​​​​​​​​
TEST_0848, 서울 전셋값 상승률이 가장 높은 곳
TEST_0849, 35.2km 
TEST_0850, 2020년 12월 31일​​​​​​
TEST_0851, 2조1990억원​​​​​​​​​​​
TEST_0852, 2021년 6월 7일​​​​​​​​
TEST_0853, 2900원 수준​​​​​​​​​​​
TEST_0854, 인구 1인당 10.9회 분​​​​​
TEST_0855, 1억회 분​​​​​​​​​​​​​​
TEST_0856, 2회 접종​​​​​​​​​​​​​​
TEST_0857, 1304명​​​​​​​​​​​​​​
TEST_0858, 2023~2024년​​​​​​​​​
TEST_0859, 2020년 10월 22일​​​​​​
TEST_0860, 인플루언서(Influencer)와 
TEST_0861, 23.29%​​​​​​​​​​​​​
TEST_0862, 3조원 이상​​​​​​​​​​​​​
TEST_0863, 2018년 지배구조 개편이 무산된 
TEST_0864," 현대엔지니어링, 현대건설, 현대모비"
TEST_0865, 현대글로비스​​​​​​​​​​​​​
TEST_0866, 훙멍​​​​​​​​​​​​​​​​​
TEST_0867, 위청둥​​​​​​​​​​​​​​​​
TEST_0868, Honor​​​​​​​​​​​​​​
TEST_0869, TSMC​​​​​​​​​​​​​​​
TEST_0870, 2021년​​​​​​​​​​​​​​
TEST_0871, 459%​​​​​​​​​​​​​​​
TEST_0872, 680%​​​​​​​​​​​​​​​
TEST_0873, 926%​​​​​​​​​​​​​​​
TEST_0874, 618%​​​​​​​​​​​​​​​
TEST_0875, 970%​​​​​​​​​​​​​​​
TEST_0876, 8월​
TEST_0877, 양향자 의원​
TEST_0878, 5월 중 취합해 늦어도 6월 안에 
TEST_0879," 소병철, 김경만, 김병주, 김주영,"
TEST_0880, 2021년 4월 23일​​​​​​​
TEST_0881, 3명​​​​​​​​​​​​​​​​​
TEST_0882, 80점 이상​​​​​​​​​​​​​
TEST_0883, 141대 1​​​​​​​​​​​​​
TEST_0884, 2명​​​​​​​​​​​​​​​​​
TEST_0885, 17점​​​​​​​​​​​​​​​​
TEST_0886, 진보 성향 응답자 중 12.1%가 
TEST_0887, 서울중앙지검​
TEST_0888, 71.1%​
TEST_0889, 28.3% 
TEST_0890, 2007년​​​​​​​​​​​​​​
TEST_0891," 한진그룹이 아시아나항공을 인수하면,"
TEST_0892, 24일​​​​​​​​​​​​​​​​
TEST_0893, 1조300억원​​​​​​​​​​​​
TEST_0894, 딜리버리히어로​​​​​​​​​​​​
TEST_0895, 한진그룹​​​​​​​​​​​​​​​
TEST_0896, 미래통합당 
TEST_0897, 2014년​​​​​​​​​​​​​​
TEST_0898, 7.4%​​​​​​​​​​​​​​​
TEST_0899, 2014년​​​​​​​​​​​​​​
TEST_0900, 2011년 9.6%에서 2019년 
TEST_0901, 롯데호텔 서울​​​​​​​​​​​​
TEST_0902, 코로나19 확산으로 사회적 거리두기
TEST_0903, 1. 사회적 거리두기 2. 보상소비
TEST_0904, 50명 미만​
TEST_0905, 따로 또 같이​​​​​​​​​​​​
TEST_0906, 11일​​​​​​​​​​​​​​​​
TEST_0907, 2893억원​​​​​​​​​​​​​
TEST_0908, 김포골드선의 종착역은 구래역이야. 
TEST_0909, 틱톡​​​​​​​​​​​​​​​​​
TEST_0910, 2020년 6월 6일​​​​​​​​
TEST_0911, 트럼프 행정부를 미국 법원에 고소할
TEST_0912, 세쿼이아 캐피탈​​​​​​​​​​​
TEST_0913, 틱톡을 지지한다.​​​​​​​​​​
TEST_0914, 55세​
TEST_0915, 중앙대 
TEST_0916, 캠코브러리​​​​​​​​​​​​​​
TEST_0917, 전북 정읍 
TEST_0918," 국유증권실 실장, 조세채권관리처 처"
TEST_0919, 270명​​​​​​​​​​​​​​​
TEST_0920, 1개 주당 1표​​​​​​​​​​​
TEST_0921, 부통령​​​​​​​​​​​​​​​​
TEST_0922, 26곳​​​​​​​​​​​​​​​​
TEST_0923, 20%​​​​​​​​​​​​​​​​
TEST_0924, 10명 이상 집합금지 명령이 내려진
TEST_0925, 질병관리청​​​​​​​​​​​​​​
TEST_0926, 8월 23일 자정부터​​​​​​​​
TEST_0927, 1만576건​​​​​​​​​​​​​
TEST_0928, 집합금지 명령​​​​​​​​​​​​
TEST_0929, 삼척동자에게 물어봐도 ‘국가가 10
TEST_0930, 범대위 
TEST_0931, 551억원 
TEST_0932, 9월 1일까지 
TEST_0933, 2017년 11월 15일​​​​​​
TEST_0934, 10월 13일​​​​​​​​​​​​
TEST_0935, 4%​​​​​​​​​​​​​​​​​
TEST_0936, 5%​​​​​​​​​​​​​​​​​
TEST_0937, 0.5%​​​​​​​​​​​​​​​
TEST_0938, 5.9%​​​​​​​​​​​​​​​
TEST_0939, 50명 이내​​​​​​​​​​​​​
TEST_0940, 9월 28일​​​​​​​​​​​​​
TEST_0941, 서울 강남구​​​​​​​​​​​​​
TEST_0942, 의정부​​​​​​​​​​​​​​​​
TEST_0943, 경북대병원​​​​​​​​​​​​​​
TEST_0944, 59.8%​​​​​​​​​​​​​​
TEST_0945, 1. 요기요 매각 2. 배달앱 시장
TEST_0946, 40억 달러(약 4조7500억원)​
TEST_0947, 배달앱 시장의 독과점 우려를 해소하
TEST_0948, 11월 기준 120만 명​​​​​​
TEST_0949, 1. 조사원들이 직접 방문하여 조사
TEST_0950, 2011년 
TEST_0951, 118억원​
TEST_0952, 350개​
TEST_0953, 50%​
TEST_0954, 7월 20일​​​​​​​​​​​​​
TEST_0955, 10억300만원​​​​​​​​​​​
TEST_0956, 8차례에 걸쳐 10억6400여만원​
TEST_0957, 16.6%​​​​​​​​​​​​​​
TEST_0958, 7억5900만원​​​​​​​​​​​
TEST_0959, 94억원​​​​​​​​​​​​​​​
TEST_0960, 39% 
TEST_0961, 내년 1월 1일​​​​​​​​​​​
TEST_0962, 추가 인력 채용에 따른 비용부담 때
TEST_0963, 3개월​​​​​​​​​​​​​​​​
TEST_0964, 56%​​​​​​​​​​​​​​​​
TEST_0965, 2020년 10월 14일 ~ 15일
TEST_0966, 사이먼 스미스​​​​​​​​​​​​
TEST_0967, 인천경제자유구역청​​​​​​​​​​
TEST_0968, 인천경제자유구역청은 포스트 코로나 
TEST_0969, 인천경제자유구역청​​​​​​​​​​
TEST_0970, 40.1% 
TEST_0971, 14507종​​​​​​​​​​​​​
TEST_0972, 굽은애기불가사리​​​​​​​​​​​
TEST_0973, 1071종​​​​​​​​​​​​​​
TEST_0974, 31종​​​​​​​​​​​​​​​​
TEST_0975, 2004년 12.6%​ 
TEST_0976, 1962년 6월​
TEST_0977, 1984년 11월​​​​​​​​​​
TEST_0978, 버스요금 선수제(승차 때 요금을 받
TEST_0979," 1회용 승차권, 정기권, 정기이용권"
TEST_0980, 400억 원 이상​​​​​​​​​​
TEST_0981, 임신 14주까지 임신 14주까지 임
TEST_0982, 임신 14주까지 임신 중기 주수는 
TEST_0983, 미프진은 임신 12주까지 태아를 안
TEST_0984, 24시간의 숙려기간을 거친 후 의사
TEST_0985, 낙태 시술을 거부할 수 있는 권리는
TEST_0986," 입춘, 우수, 경칩, 춘분, 청명,"
TEST_0987, 30만원​
TEST_0988, 3~4건​
TEST_0989, 90~100만원대 
TEST_0990, 130~150만원대 
TEST_0991, 홍남기 부총리가 경제 실책에 대한 
TEST_0992, 홍남기 경제부총리 겸 기획재정부 장
TEST_0993, 2020년 10월 24일​
TEST_0994, 2020년 9월 16일​
TEST_0995, 7월 14일​
TEST_0996, 갤럭시노트20이 아닌 갤럭시Z 폴드
TEST_0997, 갤럭시Z 폴드2였다. ​
TEST_0998, 50만대 ​
TEST_0999, 10분의 1 
TEST_1000, 800만대 ​​​​​​​​​​​​​
TEST_1001, 함께 헤어​​​​​​​​​​​​​​
TEST_1002, 성남시 중원구 도촌종합사회복지관​​
TEST_1003, 20년​​​​​​​​​​​​​​​​
TEST_1004, 300원​​​​​​​​​​​​​​​
TEST_1005, 매주 월·수·금 오전 10시부터 오
TEST_1006, 제주국제자유도시개발센터(JDC)가 
TEST_1007, 첨단과학기술단지 조성사업은 제주지역
TEST_1008, 2단계 부지조성공사 실시계획을 완료
TEST_1009, 2021년 12월 ​​​​​​​​​
TEST_1010, 면세점 매출 회복을 위한 온라인 면
TEST_1011, 전경련 컨퍼런스 센터 3층 다이아몬
TEST_1012, 박한식​ 
TEST_1013, 사단법인 한국잡지교육원이다. 잡지교
TEST_1014, 시아버지의 선물​​​​​​​​​​​
TEST_1015, 이시은​​​​​​​​​​​​​​​​
TEST_1016, 김진우 덕성여자대학교 총장 직무대리
TEST_1017, 케어팜(Care Farm) 
TEST_1018, 스마트팜은 스마트팜 전용 단말기를 
TEST_1019, 초전도 자석 기술은 전기기기의 고성
TEST_1020, 벤처기업 육성이다.​​​​​​​​​
TEST_1021, 87억7000만 달러(약 9조 95
TEST_1022, 3억3100만 달러​​​​​​​​​
TEST_1023, 83억6000만 달러였다.​​​​​
TEST_1024, 422.64달러로 장을 마감했다.​
TEST_1025, 80달러​​​​​​​​​​​​​​​
TEST_1026, 삼일회계법인​
TEST_1027, 박용호​​​​​​​​​​​​​​​​
TEST_1028, NH투자증권​​​​​​​​​​​​​
TEST_1029, 5146억원​​​​​​​​​​​​​
TEST_1030, 최대 회수율은 1100억원 이상까지
TEST_1031, 2020년 11월 16일​​​​​​
TEST_1032, 2018년 2월 1일​​​​​​​​
TEST_1033, 4조 7000억원​​​​​​​​​​
TEST_1034, 1109.3원​​​​​​​​​​​​
TEST_1035, 2018년 2월 1일(2568.54
TEST_1036, 10건​​​​​​​​​​​​​​​​
TEST_1037, 마카롱 택시​​​​​​​​​​​​​
TEST_1038, 현대자동차그룹과 LG화학​​​​​​
TEST_1039, 굿바이카​​​​​​​​​​​​​​​
TEST_1040, 현대로템​​​​​​​​​​​​​​​
TEST_1041, 2053억원​​​​​​​​​​​​​
TEST_1042, 부동산 투자자문업​​​​​​​​​​
TEST_1043, 45세​​​​​​​​​​​​​​​​
TEST_1044, 165억원​​​​​​​​​​​​​​
TEST_1045, 옵티머스 대표와 관련된 사촌의 직책
TEST_1046, 7600억 원 
TEST_1047," 43,00톤 "
TEST_1048, 260명​​​​​​​​​​​​​​​
TEST_1049, 최정우​​​​​​​​​​​​​​​​
TEST_1050, 광양시 부시장​​​​​​​​​​​​
TEST_1051, 2021년 3월 15일​​​​​​​
TEST_1052, 1년 이상 징역 또는 부당이득액의 
TEST_1053, 공매도 금지 기간 중 제도적 보완책
TEST_1054, 주식 매수ᆞ매도 가격을 제시해 시장
TEST_1055, 100만원 이하​
TEST_1056, 2020년 10월 22일​​​​​​
TEST_1057, 2020년 10월 22일​​​​​​
TEST_1058, 김봉현​​​​​​​​​​​​​​​​
TEST_1059, 1995년​​​​​​​​​​​​​​
TEST_1060, 2020년 10월 22일 10시 1
TEST_1061, 100점 만점에 90점.​​​​​​
TEST_1062, 374만원​​​​​​​​​​​​​​
TEST_1063, 100개 분할 화면을 통해 가족과 
TEST_1064, 7사단 신병교육대​​​​​​​​​​
TEST_1065, 육군협회​​​​​​​​​​​​​​​
TEST_1066, KT​​​​​​​​​​​​​​​​​
TEST_1067, 1. 육군협회 2. 육군본부 3. 
TEST_1068, 10월 12일​​​​​​​​​​​​
TEST_1069, 2017년 11월 11일​​​​​​
TEST_1070, 1. 바이든 후보의 당선 가능성 2
TEST_1071, 중국 인민은행이 속도 조절에 나설 
TEST_1072, 1120~1140원​​​​​​​​​
TEST_1073, 완도문화예술의 전당​
TEST_1074, 3개국 
TEST_1075, 500만 불​
TEST_1076," 해양수산부, 완도군, 전남도 중소기"
TEST_1077, 2020년 9월​
TEST_1078, 광주광역시 서구 김대중컨벤션센터​​
TEST_1079, 250만 명이다.​​​​​​​​​​
TEST_1080, 81.8%​​​​​​​​​​​​​​
TEST_1081, 2022년 7월이다. 대구·경북은 
TEST_1082, 부산·울산·경남의 연합 형태 통합 
TEST_1083, 추 장관의 조처의 부당성에 대한 비
TEST_1084, 박 지검장은 2005년 김종빈 당시
TEST_1085, 라임자산운용(이하 라임) 수사 지휘
TEST_1086, 박순철 지검장​​​​​​​​​​​​
TEST_1087, 1. 정치권이 검찰을 덮어버렸다. 
TEST_1088, 2018년 
TEST_1089, 국방부와 보건복지부 ​​​​​​​​
TEST_1090, 보건복지부​​​​​​​​​​​​​​
TEST_1091, 35~39세 구간 
TEST_1092, 국방부 ​
TEST_1093, 2020년 11월 2일​​​​​​​
TEST_1094," 잘 키운 딸 하나, 열 아들 안 부"
TEST_1095, 인플레를 잡는 길​​​​​​​​​​
TEST_1096, 우리는 정보가족​​​​​​​​​​​
TEST_1097, 1988년 서울 올림픽을 준비하면서
TEST_1098, 다시 뛰자 코리아!​​​​​​​​​
TEST_1099, 5종​​​​​​​​​​​​​​​​​
TEST_1100, 8가지​
TEST_1101, 클래식 빙수 전 메뉴를 1인 빙수로
TEST_1102, 혼디족​​​​​​​​​​​​​​​​
TEST_1103," 1인 빙수, 테이크아웃, 배달 등​"
TEST_1104, 3개다.​​​​​​​​​​​​​​​
TEST_1105, 2016년 11월 1일​​​​​​​
TEST_1106, 감사위원 선임 시 의결권 3% 제한
TEST_1107, 여의도​​​​​​​​​​​​​​​​
TEST_1108, 문재인​​​​​​​​​​​​​​​​
TEST_1109, 안산​ 
TEST_1110, 2021년 7월 28일​ 
TEST_1111, 국민의힘 김도읍 의원​​​​​​​​
TEST_1112, 20년 근무 경력의 조두순 전담 보
TEST_1113, 2021년 10월 31일까지 설치를
TEST_1114, 정서적 지지​​​​​​​​​​​​​
TEST_1115, 87%​​​​​​​​​​​​​​​​
TEST_1116, 2020년 6월 17일​​​​​​​
TEST_1117, 경희대​​​​​​​​​​​​​​​​
TEST_1118," 중국, 싱가포르​​​​​​​​​​​"
TEST_1119, 16조8898억원​​​​​​​​​​
TEST_1120, 통화량의 가장 큰 부분을 차지하는 
TEST_1121, 9.9%​​​​​​​​​​​​​​​
TEST_1122, 2006년 5월(21조100억원) 
TEST_1123, 14조3580억원​​​​​​​​​​
TEST_1124, 2020년 8월​​​​​​​​​​​
TEST_1125," 강남구, 서초구, 송파구, 강동구."
TEST_1126, 건국대학교​​​​​​​​​​​​​​
TEST_1127, 2018년​​​​​​​​​​​​​​
TEST_1128, 2.4포인트 내렸습니다.​​​​​​
TEST_1129, 스페이스뱅크는 데이터바우처 지원사업
TEST_1130, 고병원성 조류 인플루엔자(AI) 확
TEST_1131, 101만개​
TEST_1132, 10일​5. 2021년 1월 4일자
TEST_1133, 5486원​5. 2021년 1월 1
TEST_1134, 산란계 농장​​​​​​​​​​​​​
TEST_1135, 163개 농가에서 29만여 마리​​
TEST_1136, 경기도 파주시 적성면 어하리 103
TEST_1137, 71개 
TEST_1138, 포천​​​​​​​​​​​​​​​​​
TEST_1139, 2020년 7월 14일 ​​​​​​
TEST_1140, 30명​​​​​​​​​​​​​​​​
TEST_1141, 30명​​​​​​​​​​​​​​​​
TEST_1142, 9명​
TEST_1143, 119개 
TEST_1144, 5곳​​​​​​​​​​​​​​​​​
TEST_1145, 336.1Mbps​​​​​​​​​​
TEST_1146, 56만2656명​​​​​​​​​​​
TEST_1147, 서울과 광주​ 
TEST_1148, AT&T​​​​​​​​​​​​​​​
TEST_1149, 5만~35만원이다.​​​​​​​​​
TEST_1150, 100만원이다. 김 전 회장은 입장
TEST_1151, 12명 
TEST_1152, 전곡읍 
TEST_1153, 157명 
TEST_1154, 6명 
TEST_1155, 470명 
TEST_1156, 58세​​​​​​​​​​​​​​​​
TEST_1157, PDF 파일​​​​​​​​​​​​​
TEST_1158, MS워드​​​​​​​​​​​​​​​
TEST_1159, 다음 달 12일까지​​​​​​​​​
TEST_1160, 11월 5일​​​​​​​​​​​​​
TEST_1161, 2020년 6월 17일.​ 
TEST_1162, 김우철.​
TEST_1163," 공공참여형 고밀 재건축, 공공재건축"
TEST_1164," 무주택자 대 유주택자, 임차인 대 "
TEST_1165," 경제 수장의 발언 번복, 갑작스러운"
TEST_1166, 130명 
TEST_1167, 208동​​​​​​​​​​​​​​​
TEST_1168, 9일 오전 10시 기준 430mm 
TEST_1169, 장미​​​​​​​​​​​​​​​​​
TEST_1170, 1. 전북 장수군 번암면 교동리 2
TEST_1171, 2021년 2월 28일​​​​​​​
TEST_1172, 공수처장 후보 추천위원 7명 중 6
TEST_1173, 7명으로 구성되어 있다.​
TEST_1174," 이광범 LKB파트너스 변호사, 이용"
TEST_1175, 박경준 변호사​​​​​​​​​​​​
TEST_1176, 65세​​​​​​​​​​​​​​​​
TEST_1177, 충남 아산시 온천동​​​​​​​​​
TEST_1178, 10월 12일 0시​
TEST_1179, 오후 4시쯤​​​​​​​​​​​​​
TEST_1180," 춤추기, 좌석 간 이동​​​​​​​"
TEST_1181, 중대본 1차장​​​​​​​​​​​​
TEST_1182, 부산광역시 수영구 망미동 수영고가도
TEST_1183, 2020년 2월​​​​​​​​​​​
TEST_1184, 비콘그라운드 내 입주하는 소매점과 
TEST_1185, 11개​
TEST_1186, 45억원​​​​​​​​​​​​​​​
TEST_1187, 미국 아칸소 대학이다.​​​​​​​
TEST_1188, 광운대 전자공학과 박사과정 졸업생인
TEST_1189, 4.324​​​​​​​​​​​​​​
TEST_1190, Springer 출판사의 Nanos
TEST_1191, 나노소재 분야 중 하나야. 나노소재
TEST_1192, 3%​​​​​​​​​​​​​​​​​
TEST_1193, 2019년 12월 31일 기준 자산
TEST_1194, 29.38%​​​​​​​​​​​​​
TEST_1195, 77%​​​​​​​​​​​​​​​​
TEST_1196," 미국, 영국, 독일, 프랑스, 일본"
TEST_1197, 30~50% 
TEST_1198," 타미플루, 리렌자, 페니라제 등​​"
TEST_1199, 2~14일(추정)​
TEST_1200, 39.5%​​​​​​​​​​​​​​
TEST_1201, 피로감​​​​​​​​​​​​​​​​
TEST_1202, 메디톡스가 수출용 제품을 국내에 판
TEST_1203, 5종류 제품​
TEST_1204, 보툴리눔 제제 
TEST_1205, 무역업체​​​​​​​​​​​​​​​
TEST_1206, 행정처분 취소소송과 집행정지 신청​
TEST_1207, 20억​​​​​​​​​​​​​​​​
TEST_1208, 15억 200만원​
TEST_1209, 500만원 ​
TEST_1210, 16조 400억원 ​​​​​​​​​
TEST_1211, 11.7% ​
TEST_1212, 2010년 ​​​​​​​​​​​​​
TEST_1213, 다이소 ​
TEST_1214, 이상훈​ 
TEST_1215, 용우종합건설​ 
TEST_1216, 양문석​ 
TEST_1217, 2021년 4월 16일 ​ 
TEST_1218, 임상 1상​​​​​​​​​​​​​​
TEST_1219, 보령플루VII 테트라​질병청은 21
TEST_1220, 38명​​​​​​​​​​​​​​​​
TEST_1221, 66조원​​​​​​​​​​​​​​​
TEST_1222, 58.1%​​​​​​​​​​​​​​
TEST_1223, 800만대 이상​​​​​​​​​​​
TEST_1224, 7300억원​​​​​​​​​​​​​
TEST_1225, 10조900억원​​​​​​​​​​​
TEST_1226, 에너지 융복합 전문 핵심연구지원센터
TEST_1227, LG유플러스​​​​​​​​​​​​​
TEST_1228," KT, SK텔레콤, LG유플러스, "
TEST_1229, 핀크​​​​​​​​​​​​​​​​​
TEST_1230, 리브엠​​​​​​​​​​​​​​​​
TEST_1231, 마이페이먼트​​​​​​​​​​​​​
TEST_1232, 5년​​​​​​​​​​​​​​​​​
TEST_1233, 백신 개발의 뉴스에 상승한 미국 증
TEST_1234, 90%​​​​​​​​​​​​​​​​
TEST_1235, 델타항공​​​​​​​​​​​​​​​
TEST_1236, 400​​​​​​​​​​​​​​​​
TEST_1237, 아마존​​​​​​​​​​​​​​​​
TEST_1238, 2021년 12월 31일​​​​​​
TEST_1239, 5년​
TEST_1240, 입대한 가족은 조사에서 제외된다. 
TEST_1241," 수돗물, 끓여서, 그대로​"
TEST_1242, 10분​​​​​​​​​​​​​​​​
TEST_1243, 1.65~3.74%​​​​​​​​​
TEST_1244, 20조9249억원​​​​​​​​​​
TEST_1245, 3800억원​​​​​​​​​​​​​
TEST_1246, 약 3조원​​​​​​​​​​​​​​
TEST_1247, 1000만여 개​​​​​​​​​​​
TEST_1248, 7500만개​​​​​​​​​​​​​
TEST_1249, 50~84m2​
TEST_1250, 21억원​​​​​​​​​​​​​​​
TEST_1251, 서울 강남구 압구정동 현대아파트(전
TEST_1252, 11명​​​​​​​​​​​​​​​​
TEST_1253, 잠실동 갤러리아팰리스​​​​​​​​
TEST_1254, IBK기업은행 부동산팀장​​​​​​
TEST_1255, 300만원​​​​​​​​​​​​​​
TEST_1256, 71.6%​​​​​​​​​​​​​​
TEST_1257, 6.1% 
TEST_1258, 2.75%​​​​​​​​​​​​​​
TEST_1259, 70%​​​​​​​​​​​​​​​​
TEST_1260, 산림청 
TEST_1261, 50m3​​​​​​​​​​​​​​​
TEST_1262, 10억 그루​​​​​​​​​​​​​
TEST_1263, 3위​​​​​​​​​​​​​​​​​
TEST_1264, 392m3​​​​​​​​​​​​​​
TEST_1265, 이화여대는 지난달 15일부터 3일간
TEST_1266, 온라인 게임 전을 연다. 게임종목은
TEST_1267, 서울대 사회대 학생회는 줌(ZOOM
TEST_1268, 이지민​​​​​​​​​​​​​​​​
TEST_1269," 온라인 음악 맞추기, 스승의 날 맞"
TEST_1270, 33층 
TEST_1271, 12층 
TEST_1272, 93명 
TEST_1273, 5분 후 
TEST_1274, 2019년 1월 10일 오후 2시 
TEST_1275, 탄자니아​​​​​​​​​​​​​​​
TEST_1276, 식당​​​​​​​​​​​​​​​​​
TEST_1277, 춘천​​​​​​​​​​​​​​​​​
TEST_1278, 109명 
TEST_1279, 11명 
TEST_1280, 1%​​​​​​​​​​​​​​​​​
TEST_1281, 신안산선은 서울 서남권에서 출발해 
TEST_1282, 426가구​​​​​​​​​​​​​​
TEST_1283," 59Am2, 59Bm2, 84m2의"
TEST_1284, 영등포동​​​​​​​​​​​​​​​
TEST_1285, 2020년 10월 16일​​​​​​
TEST_1286, 33세​​​​​​​​​​​​​​​​
TEST_1287, 인천광역시​​​​​​​​​​​​​​
TEST_1288, 280개​​​​​​​​​​​​​​​
TEST_1289, 12시간​​​​​​​​​​​​​​​
TEST_1290, 300~350개​​​​​​​​​​​
TEST_1291, 4:1​​​​​​​​​​​​​​​​
TEST_1292, 100억 달러 
TEST_1293, 2020년 1월 10일​​​​​​​
TEST_1294, 포천 500대 기업 CEO 중 첫 
TEST_1295, 1998년 
TEST_1296, 10월 12일에 공지한다.​​​​​
TEST_1297, 9월 한 달간 전면 비대면 수업을 
TEST_1298, 10월 12일. 
TEST_1299, 58.9%​​​​​​​​​​​​​​
TEST_1300, 2단계로 상향 조정되면서 대학들은 
TEST_1301, 1980년​​​​​​​​​​​​​​
TEST_1302, 580만 개​​​​​​​​​​​​​
TEST_1303, 1980년 11월​​​​​​​​​​
TEST_1304, 1980년 11월​​​​​​​​​​
TEST_1305, 1982년​​​​​​​​​​​​​​
TEST_1306, JTBC 뉴스​​​​​​​​​​​​
TEST_1307, 신의한수​​​​​​​​​​​​​​​
TEST_1308, 4319만명​​​​​​​​​​​​​
TEST_1309, 90% 이상​​​​​​​​​​​​​
TEST_1310, 600만원​
TEST_1311, 5만원​
TEST_1312, 12회​
TEST_1313, 중소기업중앙회(062-955-996
TEST_1314, 5월​​​​​​​​​​​​​​​​​
TEST_1315, 51조 원입니다.​​​​​​​​​​
TEST_1316, 10월 14일 충북도청 대회의실에서
TEST_1317, 2019년 10월 14일​​​​​​
TEST_1318, 1983년 전두환 전 대통령의 지시
TEST_1319, 1980년 10월 27일부터 198
TEST_1320, 5월 13일​​​​​​​​​​​​​
TEST_1321, 589억원​​​​​​​​​​​​​​
TEST_1322, 5.5%​
TEST_1323, 2276억 원​​​​​​​​​​​​
TEST_1324," 1위, 2위, 3위 순서대로 나열해"
TEST_1325, 2200만 달러​
TEST_1326, 김​​​​​​​​​​​​​​​​​​
TEST_1327, 10만5442명​​​​​​​​​​​
TEST_1328, 12.5% 감소​​​​​​​​​​​
TEST_1329, 84.8%​​​​​​​​​​​​​​
TEST_1330, 510명​​​​​​​​​​​​​​​
TEST_1331, 20.4%​​​​​​​​​​​​​​
TEST_1332, 9개월 만이다.​​​​​​​​​​​
TEST_1333, 5월​
TEST_1334, 20여일​ 
TEST_1335, 10명​​​​​​​​​​​​​​​​
TEST_1336, 2021년 1월 12일​​​​​​​
TEST_1337, 10시​​​​​​​​​​​​​​​​
TEST_1338, 전속성(주로 한 업체에 노무를 제공
TEST_1339, 김 팀장은 “쓰레기 분리 배출을 잘
TEST_1340, 1t​​​​​​​​​​​​​​​​​
TEST_1341," 스티로폼, 플라스틱, 유리병, 종이"
TEST_1342, 코로나19로 인한 언택트 소비 증가
TEST_1343, 국제 유가 하락으로 폐플라스틱 단가
TEST_1344, 1만9217대 
TEST_1345, 3783대 
TEST_1346, 3530대 
TEST_1347," 짚 체로키(KL) 1366, 짚 랭"
TEST_1348, 10개 차종 3783대 
TEST_1349, 656.56Mbps​​​​​​​​​
TEST_1350, 64.16Mbps​​​​​​​​​​
TEST_1351, 605.2km2(국토교통부 기준)의
TEST_1352, 5G 서비스 사용 중 LTE로 전환
TEST_1353, 214~237Mbps​​​​​​​​
TEST_1354, 2단계​​​​​​​​​​​​​​​​
TEST_1355, 1억 9900만 달러(2230억원)
TEST_1356," 트위터, 페이스북, 인스타그램, 틱"
TEST_1357, 10.6%​​​​​​​​​​​​​​
TEST_1358, 450쪽​​​​​​​​​​​​​​​
TEST_1359, 48석​​​​​​​​​​​​​​​​
TEST_1360, 잠실엘스아파트는 잠실동 23번지에 
TEST_1361, 직계존비속 증여​​​​​​​​​​​
TEST_1362, 14명​
TEST_1363, 성동구 성수동1가 동아아파트 53.
TEST_1364, 2018년생​​​​​​​​​​​​​
TEST_1365, 2020년 12월 22일​
TEST_1366, 99.9%​
TEST_1367, 레몬오일​
TEST_1368, 보성군​
TEST_1369, 농협유통망​
TEST_1370, 2.3%​​​​​​​​​​​​​​​
TEST_1371, 13세로 낮아졌다.​
TEST_1372, 한국교원단체총연합회는 1960년 1
TEST_1373, 2019년 10월 10일​​​​​​
TEST_1374, 1519만 건​​​​​​​​​​​​
TEST_1375, 전동킥보드 면허제 도입·보험가입 의
TEST_1376, 4480억원​​​​​​​​​​​​​
TEST_1377, 460자​​​​​​​​​​​​​​​
TEST_1378, 8일​
TEST_1379, 55세​​​​​​​​​​​​​​​​
TEST_1380, 2019년 6월 6일​​​​​​​​
TEST_1381, 인천 연수구 해양경찰청 앞​​​​​
TEST_1382, 600분의 1로 줄어든다. 
TEST_1383, -162°C​​​​​​​​​​​​​
TEST_1384, 경기도 평택시 포승읍 평택항만로 1
TEST_1385, 13일에 1만4350원​​​​​​​
TEST_1386, 2018년​​​​​​​​​​​​​​
TEST_1387, 녹색교통지역 특별종합대책(안)​​​
TEST_1388, 2865t​​​​​​​​​​​​​​
TEST_1389, 제원초등학교와 마을회관​​​​​​​
TEST_1390, 25.2ha​​​​​​​​​​​​​
TEST_1391, 제원면​​​​​​​​​​​​​​​​
TEST_1392, 199년​​​​​​​​​​​​​​​
TEST_1393, 법무부와 대검찰청이다.​
TEST_1394, 2020년 12월 28일​​​​​​
TEST_1395, 검찰 총장의 권한이 강하면 오히려 
TEST_1396, 50차 
TEST_1397, 대검 회의 명칭은 ‘전문수사자문단 
TEST_1398, 2020년 8월 23일​​​​​​​
TEST_1399, 2020년 7월 16일​​​​​​​
TEST_1400, 2020년 8월 23일​​​​​​​
TEST_1401, 2020년 8월 22일​​​​​​​
TEST_1402, 2020년 8월 20일​​​​​​​
TEST_1403, 아트네트웍스​​​​​​​​​​​​​
TEST_1404, 2021년 1월 1일​​​​​​​​
TEST_1405, 책공방북아트센터(Book Art C
TEST_1406, 삼례문화예술촌이 있는 곳.​​​​​
TEST_1407, 삼례-이서​​​​​​​​​​​​​​
TEST_1408, 2021년 2월 21일​​​​​​​
TEST_1409, 2021년 8월 28일​​​​​​​
TEST_1410, 편법을 동원하지 않아도 된다.​​​
TEST_1411, 사무총장​​​​​​​​​​​​​​​
TEST_1412, 단말기 유통 구조가 투명해지고 이통
TEST_1413, 2018년 10월 101.8​​​​
TEST_1414, 2020년 3월 16일​​​​​​​
TEST_1415, 2018년 107.4​​​​​​​​
TEST_1416," 2020년 3월 19일 2,237."
TEST_1417, 6개 국가​​​​​​​​​​​​​​
TEST_1418," 16.2%​● ""물가안정 위해 노력"
TEST_1419, 9841원​
TEST_1420, 300g​
TEST_1421, 6106원​● 1월 11일​● 1월
TEST_1422," 11.9%​● ""물가상승률 1%p "
TEST_1423, 52​​​​​​​​​​​​​​​​​
TEST_1424, 2020년 12월 10일​​​​​​
TEST_1425, 참여연대 경제금융센터 실행위원으로 
TEST_1426, 율촌​​​​​​​​​​​​​​​​​
TEST_1427, 공무원의 지위​​​​​​​​​​​​
TEST_1428, 22.3% 
TEST_1429, 16.9% 
TEST_1430, 10개​
TEST_1431, 20개​​​​​​​​​​​​​​​​
TEST_1432, 156.1%​​​​​​​​​​​​​
TEST_1433, 1.9%​​​​​​​​​​​​​​​
TEST_1434, 15.6%​​​​​​​​​​​​​​
TEST_1435, 3분기 순수출의 성장 기여도는 3.
TEST_1436, 3분기 성장률 1.9%는 2분기 0
TEST_1437, -1.3%​​​​​​​​​​​​​​
TEST_1438, 질병관리청 
TEST_1439, 11월 3일​​​​​​​​​​​​​
TEST_1440, 톱다운(top-down) 방식​​​
TEST_1441, 트럼프​​​​​​​​​​​​​​​​
TEST_1442, 이스라엘​​​​​​​​​​​​​​​
TEST_1443," 서유럽은 문명 회귀를 외치고, 동유"
TEST_1444," 마피아 게임, 2002년 월드컵, "
TEST_1445, 70만회​
TEST_1446, 4명​
TEST_1447, 2년​
TEST_1448, 100개​
TEST_1449, 63톤​
TEST_1450," 동남아시아와 대만, 홍콩​"
TEST_1451, 1억 2500만원​
TEST_1452," 팽이버섯, 무안김​​​​​​​​​​"
TEST_1453, 1112톤​
TEST_1454," 1. 공항개발종합계획 수립, 사전타"
TEST_1455, 2020년 11월 3일​​​​​​​
TEST_1456, 2020년 10월 26일​ 
TEST_1457, 산업은행​​​​​​​​​​​​​​​
TEST_1458, 11일​​​​​​​​​​​​​​​​
TEST_1459, 11일​​​​​​​​​​​​​​​​
TEST_1460, 10번째​​​​​​​​​​​​​​​
TEST_1461," 14개 기업 29개 제품, 17만 "
TEST_1462, 5개 제품​​​​​​​​​​​​​​
TEST_1463," 미국, 중국, 일본, 베트남, 태국"
TEST_1464, 061-286-2461​​​​​​​
TEST_1465, 1. 스케일업 2. 신산업 발굴 3
TEST_1466, 중공업 산업​​​​​​​​​​​​​
TEST_1467, 신산업 스케일업​​​​​​​​​​​
TEST_1468," 이 회장은 노조를 향해 ""약속이 이"
TEST_1469, 10일 저녁​
TEST_1470, 103명​14일 0시 기준 코로나1
TEST_1471, 13일 0시 기준 13명으로 집계됐
TEST_1472, 25명​​​​​​​​​​​​​​​​
TEST_1473, 754개​​​​​​​​​​​​​​​
TEST_1474, 416명​​​​​​​​​​​​​​​
TEST_1475, 2018년 6월​​​​​​​​​​​
TEST_1476," 보안분실 조직 정비 늑장, 해외정보"
TEST_1477, 1991년 1월 1일​​​​​​​​
TEST_1478," 대공수사권 이관, 대공수사권 이관,"
TEST_1479, 안보수사처(가칭)​​​​​​​​​​
TEST_1480, 2019년 8월 20일​​​​​​​
TEST_1481, 2019년 9월 25일​​​​​​​
TEST_1482, 2019년 9월 10일​ 
TEST_1483, 사법행정자문회의​​​​​​​​​​​
TEST_1484, 663만4344건​​​​​​​​​​
TEST_1485, 9월 26일부터 10월 4일까지​​
TEST_1486, 20만명​​​​​​​​​​​​​​​
TEST_1487, 백신​​​​​​​​​​​​​​​​​
TEST_1488, 5종 1379곳이야.​​​​​​​​
TEST_1489, 감염병 예방 및 관리에 관한 법률에
TEST_1490, 285점​
TEST_1491, 여수보육원​​​​​​​​​​​​​​
TEST_1492, 400만 인시​​​​​​​​​​​​
TEST_1493, 메모리폼 토퍼 32점​​​​​​​​
TEST_1494, 1500만원​
TEST_1495, 20m​​​​​​​​​​​​​​​​
TEST_1496, 천북굴따라길​​​​​​​​​​​​​
TEST_1497, 1. 산책로 2. 둘레길 3. 등산
TEST_1498, 꽃바람 향기길​​​​​​​​​​​​
TEST_1499, 2022년​​​​​​​​​​​​​​
TEST_1500, 9월 9일​​​​​​​​​​​​​​
TEST_1501," 수도권, 강원 지역​​​​​​​​​"
TEST_1502, 1.1km​​​​​​​​​​​​​​
TEST_1503, 10m​​​​​​​​​​​​​​​​
TEST_1504, 2022년 ​​​​​​​​​​​​​
TEST_1505, 689억원​​​​​​​​​​​​​​
TEST_1506, 2024년​​​​​​​​​​​​​​
